<?xml version="1.0" encoding="UTF-8"?>
<project-private xmlns="http://www.netbeans.org/ns/project-private/1">
    <editor-bookmarks xmlns="http://www.netbeans.org/ns/editor-bookmarks/2" lastBookmarkId="0"/>
    <open-files xmlns="http://www.netbeans.org/ns/projectui-open-files/2">
        <group>
            <file>file:/C:/Users/ASUS/OneDrive/Documentos/NetBeansProjects/Interfaz_Emergencias_Hospital/src/Ventanas/Opcion3.java</file>
            <file>file:/C:/Users/ASUS/OneDrive/Documentos/NetBeansProjects/Interfaz_Emergencias_Hospital/src/Ventanas/Principal.java</file>
            <file>file:/C:/Users/ASUS/OneDrive/Documentos/NetBeansProjects/Interfaz_Emergencias_Hospital/src/Ventanas/Opcion2.java</file>
            <file>file:/C:/Users/ASUS/OneDrive/Documentos/NetBeansProjects/Interfaz_Emergencias_Hospital/src/Clases/Paciente.java</file>
            <file>file:/C:/Users/ASUS/OneDrive/Documentos/NetBeansProjects/Interfaz_Emergencias_Hospital/src/Ventanas/Opcion1.java</file>
            <file>file:/C:/Users/ASUS/OneDrive/Documentos/NetBeansProjects/Interfaz_Emergencias_Hospital/src/Clases/PilaHospital.java</file>
            <file>file:/C:/Users/ASUS/OneDrive/Documentos/NetBeansProjects/Interfaz_Emergencias_Hospital/src/Ventanas/Opcion5.java</file>
            <file>file:/C:/Users/ASUS/OneDrive/Documentos/NetBeansProjects/Interfaz_Emergencias_Hospital/src/Clases/Principal.java</file>
            <file>file:/C:/Users/ASUS/OneDrive/Documentos/NetBeansProjects/Interfaz_Emergencias_Hospital/src/Ventanas/Opcion4.java</file>
            <file>file:/C:/Users/ASUS/OneDrive/Documentos/NetBeansProjects/Interfaz_Emergencias_Hospital/src/Clases/LD_NormalPaciente.java</file>
            <file>file:/C:/Users/ASUS/OneDrive/Documentos/NetBeansProjects/Interfaz_Emergencias_Hospital/src/Clases/LS_CircularCama.java</file>
        </group>
    </open-files>
</project-private>
